{"cameraMode":{"drawMode":0,"name":"Shaded","section":"Shading Mode"},"sceneLighting":true,"audioPlay":false,"sceneViewState":{"m_AlwaysRefresh":false,"showFog":true,"showSkybox":true,"showFlares":true,"showImageEffects":true,"showParticleSystems":true,"showVisualEffectGraphs":true,"m_FxEnabled":true},"in2DMode":false,"pivot":{"x":2.0724411010742189,"y":-8.448509216308594,"z":12.449378967285157},"rotation":{"x":-0.2053835242986679,"y":0.12177658826112747,"z":-0.025766482576727868,"w":-0.9707394242286682},"size":47.90476989746094,"orthographic":false}